country_code,country_name,country_iso2,country_iso3
4,Afghanistan,AF,AFG
8,Albania,AL,ALB
12,Algeria,DZ,DZA
16,American Samoa,AS,ASM
20,Andorra,AD,AND
24,Angola,AO,AGO
660,Anguilla,AI,AIA
28,Antigua and Barbuda,AG,ATG
32,Argentina,AR,ARG
51,Armenia,AM,ARM
533,Aruba,AW,ABW
36,Australia,AU,AUS
40,Austria,AT,AUT
31,Azerbaijan,AZ,AZE
44,Bahamas,BS,BHS
48,Bahrain,BH,BHR
50,Bangladesh,BD,BGD
52,Barbados,BB,BRB
112,Belarus,BY,BLR
56,Belgium,BE,BEL
58,Belgium-Luxembourg (...1998),BE,BEL
84,Belize,BZ,BLZ
204,Benin,BJ,BEN
60,Bermuda,BM,BMU
64,Bhutan,BT,BTN
68,Bolivia (Plurinational State of),BO,BOL
535,Bonaire,BQ,BES
70,Bosnia Herzegovina,BA,BIH
72,Botswana,BW,BWA
86,Br. Indian Ocean Terr.,IO,IOT
92,Br. Virgin Isds,VG,VGB
76,Brazil,BR,BRA
96,Brunei Darussalam,BN,BRN
100,Bulgaria,BG,BGR
854,Burkina Faso,BF,BFA
108,Burundi,BI,BDI
384,Côte d'Ivoire,CI,CIV
132,Cabo Verde,CV,CPV
116,Cambodia,KH,KHM
120,Cameroon,CM,CMR
124,Canada,CA,CAN
136,Cayman Isds,KY,CYM
140,Central African Rep.,CF,CAF
148,Chad,TD,TCD
152,Chile,CL,CHL
156,China,CN,CHN
344,"China, Hong Kong SAR",HK,HKG
446,"China, Macao SAR",MO,MAC
162,Christmas Isds,CX,CXR
166,Cocos Isds,CC,CCK
170,Colombia,CO,COL
174,Comoros,KM,COM
178,Congo,CG,COG
184,Cook Isds,CK,COK
188,Costa Rica,CR,CRI
191,Croatia,HR,HRV
192,Cuba,CU,CUB
531,Curaçao,CW,CUW
196,Cyprus,CY,CYP
203,Czechia,CZ,CZE
200,Czechoslovakia (...1992),CS,CSK
408,Dem. People's Rep. of Korea,KP,PRK
278,Dem. Rep. of Germany (...1990),DD,DDR
180,Dem. Rep. of the Congo,CD,COD
208,Denmark,DK,DNK
262,Djibouti,DJ,DJI
212,Dominica,DM,DMA
214,Dominican Rep.,DO,DOM
218,Ecuador,EC,ECU
818,Egypt,EG,EGY
222,El Salvador,SV,SLV
226,Equatorial Guinea,GQ,GNQ
232,Eritrea,ER,ERI
233,Estonia,EE,EST
748,Eswatini,SZ,SWZ
231,Ethiopia,ET,ETH
697,"Europe EFTA, nes",,R20
238,Falkland Isds (Malvinas),FK,FLK
280,Fed. Rep. of Germany (...1990),DE,DEU
242,Fiji,FJ,FJI
246,Finland,FI,FIN
260,Fr. South Antarctic Terr.,TF,ATF
251,France,FR,FRA
258,French Polynesia,PF,PYF
583,FS Micronesia,FM,FSM
266,Gabon,GA,GAB
270,Gambia,GM,GMB
268,Georgia,GE,GEO
276,Germany,DE,DEU
288,Ghana,GH,GHA
292,Gibraltar,GI,GIB
300,Greece,GR,GRC
304,Greenland,GL,GRL
308,Grenada,GD,GRD
316,Guam,GU,GUM
320,Guatemala,GT,GTM
324,Guinea,GN,GIN
624,Guinea-Bissau,GW,GNB
328,Guyana,GY,GUY
332,Haiti,HT,HTI
340,Honduras,HN,HND
348,Hungary,HU,HUN
352,Iceland,IS,ISL
699,India,IN,IND
360,Indonesia,ID,IDN
364,Iran,IR,IRN
368,Iraq,IQ,IRQ
372,Ireland,IE,IRL
376,Israel,IL,ISR
380,Italy,IT,ITA
388,Jamaica,JM,JAM
392,Japan,JP,JPN
400,Jordan,JO,JOR
398,Kazakhstan,KZ,KAZ
404,Kenya,KE,KEN
296,Kiribati,KI,KIR
414,Kuwait,KW,KWT
417,Kyrgyzstan,KG,KGZ
418,Lao People's Dem. Rep.,LA,LAO
428,Latvia,LV,LVA
422,Lebanon,LB,LBN
426,Lesotho,LS,LSO
430,Liberia,LR,LBR
434,Libya,LY,LBY
440,Lithuania,LT,LTU
442,Luxembourg,LU,LUX
450,Madagascar,MG,MDG
454,Malawi,MW,MWI
458,Malaysia,MY,MYS
462,Maldives,MV,MDV
466,Mali,ML,MLI
470,Malta,MT,MLT
584,Marshall Isds,MH,MHL
478,Mauritania,MR,MRT
480,Mauritius,MU,MUS
175,Mayotte (Overseas France),YT,MYT
484,Mexico,MX,MEX
496,Mongolia,MN,MNG
499,Montenegro,ME,MNE
500,Montserrat,MS,MSR
504,Morocco,MA,MAR
508,Mozambique,MZ,MOZ
104,Myanmar,MM,MMR
580,N. Mariana Isds,MP,MNP
516,Namibia,,NAM
520,Nauru,NR,NRU
524,Nepal,NP,NPL
528,Netherlands,NL,NLD
530,Netherlands Antilles (...2010),AN,ANT
540,New Caledonia,NC,NCL
554,New Zealand,NZ,NZL
558,Nicaragua,NI,NIC
562,Niger,NE,NER
566,Nigeria,NG,NGA
570,Niue,NU,NIU
574,Norfolk Isds,NF,NFK
807,North Macedonia,MK,MKD
579,Norway,NO,NOR
512,Oman,OM,OMN
490,"Other Asia, nes",,S19
586,Pakistan,PK,PAK
585,Palau,PW,PLW
591,Panama,PA,PAN
598,Papua New Guinea,PG,PNG
600,Paraguay,PY,PRY
604,Peru,PE,PER
608,Philippines,PH,PHL
612,Pitcairn,PN,PCN
616,Poland,PL,POL
620,Portugal,PT,PRT
634,Qatar,QA,QAT
410,Rep. of Korea,KR,KOR
498,Rep. of Moldova,MD,MDA
642,Romania,RO,ROU
643,Russian Federation,RU,RUS
646,Rwanda,RW,RWA
652,Saint Barthélemy,BL,BLM
654,Saint Helena,SH,SHN
659,Saint Kitts and Nevis,KN,KNA
662,Saint Lucia,LC,LCA
534,Saint Maarten,SX,SXM
666,Saint Pierre and Miquelon,PM,SPM
670,Saint Vincent and the Grenadines,VC,VCT
882,Samoa,WS,WSM
674,San Marino,SM,SMR
678,Sao Tome and Principe,ST,STP
682,Saudi Arabia,SA,SAU
686,Senegal,SN,SEN
688,Serbia,RS,SRB
891,Serbia and Montenegro (...2005),CS,SCG
690,Seychelles,SC,SYC
694,Sierra Leone,SL,SLE
702,Singapore,SG,SGP
703,Slovakia,SK,SVK
705,Slovenia,SI,SVN
90,Solomon Isds,SB,SLB
706,Somalia,SO,SOM
710,South Africa,ZA,ZAF
728,South Sudan,SS,SSD
711,Southern African Customs Union (...1999),,ZA1
724,Spain,ES,ESP
144,Sri Lanka,LK,LKA
275,State of Palestine,PS,PSE
729,Sudan,SD,SDN
736,Sudan (...2011),SD,SDN
740,Suriname,SR,SUR
752,Sweden,SE,SWE
757,Switzerland,CH,CHE
760,Syria,SY,SYR
792,Türkiye,TR,TUR
762,Tajikistan,TJ,TJK
764,Thailand,TH,THA
626,Timor-Leste,TL,TLS
768,Togo,TG,TGO
772,Tokelau,TK,TKL
776,Tonga,TO,TON
780,Trinidad and Tobago,TT,TTO
788,Tunisia,TN,TUN
795,Turkmenistan,TM,TKM
796,Turks and Caicos Isds,TC,TCA
798,Tuvalu,TV,TUV
800,Uganda,UG,UGA
804,Ukraine,UA,UKR
784,United Arab Emirates,AE,ARE
826,United Kingdom,GB,GBR
834,United Rep. of Tanzania,TZ,TZA
858,Uruguay,UY,URY
849,US Misc. Pacific Isds,PU,PUS
842,USA,US,USA
810,USSR (...1990),SU,SUN
860,Uzbekistan,UZ,UZB
548,Vanuatu,VU,VUT
862,Venezuela,VE,VEN
704,Viet Nam,VN,VNM
876,Wallis and Futuna Isds,WF,WLF
887,Yemen,YE,YEM
894,Zambia,ZM,ZMB
716,Zimbabwe,ZW,ZWE
